address,label,documented_source,reference,etherscan_verify,etherscan_link
0x3f5ce5fbfe3e9af3971dd833d26ba9b5c936f0be,Binance: Hot Wallet,Etherscan Label Cloud,etherscan.io/address/0x3f5c...,N/A (EOA or timeout),https://etherscan.io/address/0x3f5ce5fbfe3e9af3971dd833d26ba9b5c936f0be
0xd551234ae421e3bcba99a0da6d736074f22192ff,Binance: Hot Wallet 2,Etherscan Label Cloud,etherscan.io/address/0xd551...,N/A (EOA or timeout),https://etherscan.io/address/0xd551234ae421e3bcba99a0da6d736074f22192ff
0x564286362092d8e7936f0549571a803b203aaced,Binance: Hot Wallet 3,Etherscan Label Cloud,etherscan.io/address/0x5642...,N/A (EOA or timeout),https://etherscan.io/address/0x564286362092d8e7936f0549571a803b203aaced
0x0681d8db095565fe8a346fa0277bffde9c0edbbf,Binance: Hot Wallet 4,Etherscan Label Cloud,etherscan.io/address/0x0681...,N/A (EOA or timeout),https://etherscan.io/address/0x0681d8db095565fe8a346fa0277bffde9c0edbbf
0xbe0eb53f46cd790cd13851d5eff43d12404d33e8,Binance: Cold Wallet,Etherscan Label Cloud,etherscan.io/address/0xbe0e...,N/A (EOA or timeout),https://etherscan.io/address/0xbe0eb53f46cd790cd13851d5eff43d12404d33e8
0xf977814e90da44bfa03b6295a0616a897441acec,Binance: Cold Wallet 8,Etherscan Label Cloud,etherscan.io/address/0xf977...,N/A (EOA or timeout),https://etherscan.io/address/0xf977814e90da44bfa03b6295a0616a897441acec
0xab5c66752a9e8167967685f1450532fb96d5d24f,Huobi: Hot Wallet,Etherscan Label Cloud,etherscan.io/address/0xab5c...,N/A (EOA or timeout),https://etherscan.io/address/0xab5c66752a9e8167967685f1450532fb96d5d24f
0x6748f50f686bfbca6fe8ad62b22228b87f31ff2b,Huobi: Hot Wallet 2,Etherscan Label Cloud,etherscan.io/address/0x6748...,N/A (EOA or timeout),https://etherscan.io/address/0x6748f50f686bfbca6fe8ad62b22228b87f31ff2b
0xfdb16996831753d5331ff813c29a93c76834a0ad,Huobi: Hot Wallet 3,Etherscan Label Cloud,etherscan.io/address/0xfdb1...,N/A (EOA or timeout),https://etherscan.io/address/0xfdb16996831753d5331ff813c29a93c76834a0ad
0x6cc5f688a315f3dc28a7781717a9a798a59fda7b,OKX: Hot Wallet,Etherscan Label Cloud,etherscan.io/address/0x6cc5...,N/A (EOA or timeout),https://etherscan.io/address/0x6cc5f688a315f3dc28a7781717a9a798a59fda7b
0x236f9f97e0e62388479bf9e5ba4889e46b0273c3,OKX: 2,Etherscan Label Cloud,etherscan.io/address/0x236f...,N/A (EOA or timeout),https://etherscan.io/address/0x236f9f97e0e62388479bf9e5ba4889e46b0273c3
0xa090e606e30bd747d4e6245a1517ebe430f0057e,Coinbase: Hot Wallet,Etherscan Label Cloud,etherscan.io/address/0xa090...,N/A (EOA or timeout),https://etherscan.io/address/0xa090e606e30bd747d4e6245a1517ebe430f0057e
0x71660c4005ba85c37ccec55d0c4493e66fe775d3,Coinbase: Hot Wallet 2,Etherscan Label Cloud,etherscan.io/address/0x7166...,N/A (EOA or timeout),https://etherscan.io/address/0x71660c4005ba85c37ccec55d0c4493e66fe775d3
0x503828976d22510aad0201ac7ec88293211d23da,Coinbase: Hot Wallet 3,Etherscan Label Cloud,etherscan.io/address/0x5038...,N/A (EOA or timeout),https://etherscan.io/address/0x503828976d22510aad0201ac7ec88293211d23da
0xddfabcdc4d8ffc6d5beaf154f18b778f892a0740,Coinbase: Hot Wallet 4,Etherscan Label Cloud,etherscan.io/address/0xddfa...,N/A (EOA or timeout),https://etherscan.io/address/0xddfabcdc4d8ffc6d5beaf154f18b778f892a0740
0x3cd751e6b0078be393132286c442345e5dc49699,Coinbase: Hot Wallet 5,Etherscan Label Cloud,etherscan.io/address/0x3cd7...,N/A (EOA or timeout),https://etherscan.io/address/0x3cd751e6b0078be393132286c442345e5dc49699
0x0d0707963952f2fba59dd06f2b425ace40b492fe,Gate.io: Hot Wallet,Etherscan Label Cloud,etherscan.io/address/0x0d07...,N/A (EOA or timeout),https://etherscan.io/address/0x0d0707963952f2fba59dd06f2b425ace40b492fe
0x46340b20830761efd32832a74d7169b29feb9758,Crypto.com,Etherscan Label Cloud,etherscan.io/address/0x4634...,N/A (EOA or timeout),https://etherscan.io/address/0x46340b20830761efd32832a74d7169b29feb9758
0xd24400ae8bfebb18ca49be86258a3c749cf46853,Gemini: Hot Wallet,Etherscan Label Cloud,etherscan.io/address/0xd244...,N/A (EOA or timeout),https://etherscan.io/address/0xd24400ae8bfebb18ca49be86258a3c749cf46853
0x742d35cc6634c0532925a3b844bc454e4438f44e,Bitfinex: Hot Wallet,Etherscan Label Cloud,etherscan.io/address/0x742d...,N/A (EOA or timeout),https://etherscan.io/address/0x742d35cc6634c0532925a3b844bc454e4438f44e
0xe853c56864a2ebe4576a807d26fdc4a0ada51919,Kraken: Hot Wallet,Etherscan Label Cloud,etherscan.io/address/0xe853...,N/A (EOA or timeout),https://etherscan.io/address/0xe853c56864a2ebe4576a807d26fdc4a0ada51919
0x7a250d5630b4cf539739df2c5dacb4c659f2488d,Uniswap V2: Router,Etherscan Verified Contract,etherscan.io/address/0x7a25...,N/A (EOA or timeout),https://etherscan.io/address/0x7a250d5630b4cf539739df2c5dacb4c659f2488d
0xe592427a0aece92de3edee1f18e0157c05861564,Uniswap V3: Router,Etherscan Verified Contract,etherscan.io/address/0xe592...,N/A (EOA or timeout),https://etherscan.io/address/0xe592427a0aece92de3edee1f18e0157c05861564
0xc02aaa39b223fe8d0a0e5c4f27ead9083c756cc2,WETH: Wrapped Ether,Etherscan Verified Contract + Uniswap Docs,etherscan.io/address/0xc02a...,N/A (EOA or timeout),https://etherscan.io/address/0xc02aaa39b223fe8d0a0e5c4f27ead9083c756cc2
0x881d40237659c251811cec9c364ef91dc08d300c,MetaMask: Swap Router,Etherscan Label Cloud,etherscan.io/address/0x881d...,N/A (EOA or timeout),https://etherscan.io/address/0x881d40237659c251811cec9c364ef91dc08d300c
0x910cbd523d972eb0a6f4cae4618ad62622b39dbf,Tornado Cash: 1 ETH Pool,OFAC SDN List 2022-08-08 + Etherscan,home.treasury.gov/policy-issues/financial-sanctions/recent-actions/20220808,N/A (EOA or timeout),https://etherscan.io/address/0x910cbd523d972eb0a6f4cae4618ad62622b39dbf
0xa160cdab225685da1d56aa342ad8841c3b53f291,Tornado Cash: 10 ETH Pool,OFAC SDN List 2022-08-08 + Etherscan,home.treasury.gov/policy-issues/financial-sanctions/recent-actions/20220808,N/A (EOA or timeout),https://etherscan.io/address/0xa160cdab225685da1d56aa342ad8841c3b53f291
0xd4b88df4d29f5cedd6857912842cff3b20c8cfa3,Tornado Cash: 100 ETH Pool,OFAC SDN List 2022-08-08 + Etherscan,home.treasury.gov/policy-issues/financial-sanctions/recent-actions/20220808,N/A (EOA or timeout),https://etherscan.io/address/0xd4b88df4d29f5cedd6857912842cff3b20c8cfa3
0xfd8610d20aa15b7b2e3be39b396a1bc3516c7144,Tornado Cash: 0.1 ETH Pool,OFAC SDN List 2022-08-08 + Etherscan,home.treasury.gov/policy-issues/financial-sanctions/recent-actions/20220808,N/A (EOA or timeout),https://etherscan.io/address/0xfd8610d20aa15b7b2e3be39b396a1bc3516c7144
0x85b931a32a0725be14285b66f1a22178c672d69b,Binance 10,brianleect/etherscan-labels/binance.csv
0x708396f17127c42383e3b9014072679b2f60b82f,Binance 11,brianleect/etherscan-labels/binance.csv
0xe0f0cfde7ee664943906f17f7f14342e76a5cec7,Binance 12,brianleect/etherscan-labels/binance.csv
0x8f22f2063d253846b53609231ed80fa571bc0c8f,Binance 13,brianleect/etherscan-labels/binance.csv
0x28c6c06298d514db089934071355e5743bf21d60,Binance 14,brianleect/etherscan-labels/binance.csv
0x21a31ee1afc51d94c2efccaa2092ad1028285549,Binance 15,brianleect/etherscan-labels/binance.csv
0xdfd5293d8e347dfe59e90efd55b2956a1343963d,Binance 16,brianleect/etherscan-labels/binance.csv
0x56eddb7aa87536c09ccc2793473599fd21a8b17f,Binance 17,brianleect/etherscan-labels/binance.csv
0x9696f59e4d72e237be84ffd425dcad154bf96976,Binance 18,brianleect/etherscan-labels/binance.csv
0x4d9ff50ef4da947364bb9650892b2554e7be5e2b,Binance 19,brianleect/etherscan-labels/binance.csv
0x4976a4a02f38326660d17bf34b431dc6e2eb2327,Binance 20,brianleect/etherscan-labels/binance.csv
0xd88b55467f58af508dbfdc597e8ebd2ad2de49b3,Binance 21,brianleect/etherscan-labels/binance.csv
0x7dfe9a368b6cf0c0309b763bb8d16da326e8f46e,Binance 22,brianleect/etherscan-labels/binance.csv
0x345d8e3a1f62ee6b1d483890976fd66168e390f2,Binance 23,brianleect/etherscan-labels/binance.csv
0xc3c8e0a39769e2308869f7461364ca48155d1d9e,Binance 24,brianleect/etherscan-labels/binance.csv
0x2e581a5ae722207aa59acd3939771e7c7052dd3d,Binance 25,brianleect/etherscan-labels/binance.csv
0x44592b81c05b4c35efb8424eb9d62538b949ebbf,Binance 26,brianleect/etherscan-labels/binance.csv
0xa344c7ada83113b3b56941f6e85bf2eb425949f3,Binance 27,brianleect/etherscan-labels/binance.csv
0x5a52e96bacdabb82fd05763e25335261b270efcb,Binance 28,brianleect/etherscan-labels/binance.csv
0x06a0048079ec6571cd1b537418869cde6191d42d,Binance 29,brianleect/etherscan-labels/binance.csv
0x892e9e24aea3f27f4c6e9360e312cce93cc98ebe,Binance 30,brianleect/etherscan-labels/binance.csv
0x00799bbc833d5b168f0410312d2a8fd9e0e3079c,Binance 31,brianleect/etherscan-labels/binance.csv
0x141fef8cd8397a390afe94846c8bd6f4ab981c48,Binance 32,brianleect/etherscan-labels/binance.csv
0x50d669f43b484166680ecc3670e4766cdb0945ce,Binance 33,brianleect/etherscan-labels/binance.csv
0x2f7e209e0f5f645c7612d7610193fe268f118b28,Binance 34,brianleect/etherscan-labels/binance.csv
0xd9d93951896b4ef97d251334ef2a0e39f6f6d7d7,Binance 35,brianleect/etherscan-labels/binance.csv
0x19184ab45c40c2920b0e0e31413b9434abd243ed,Binance 39,brianleect/etherscan-labels/binance.csv
0x294b9b133ca7bc8ed2cdd03ba661a4c6d3a834d9,Binance 41,brianleect/etherscan-labels/binance.csv
0x5d7f34372fa8708e09689d400a613eee67f75543,Binance 42,brianleect/etherscan-labels/binance.csv
0xfe9e8709d3215310075d67e3ed32a380ccf451c8,Binance 5,brianleect/etherscan-labels/binance.csv
0x4e9ce36e442e55ecd9025b9a6e0d88485d628a67,Binance 6,brianleect/etherscan-labels/binance.csv
0x001866ae5b3de6caa5a51543fd9fb64f524f5478,Binance 9,brianleect/etherscan-labels/binance.csv
0x8b99f3660622e21f2910ecca7fbe51d654a1517d,Binance Charity,brianleect/etherscan-labels/binance.csv
0xab83d182f3485cf1d6ccdd34c7cfef95b4c08da4,Binance JEX,brianleect/etherscan-labels/binance.csv
0xc365c3315cf926351ccaf13fa7d19c8c4058c8e1,Binance Pool,brianleect/etherscan-labels/binance.csv
0x61189da79177950a7272c88c6058b96d4bcd6be2,Binance US,brianleect/etherscan-labels/binance.csv
0x4fabb145d64652a948d72533023f6e7a623c7c53,Binance USD,brianleect/etherscan-labels/binance.csv
0xc9a2c4868f0f96faaa739b59934dc9cb304112ec,Binance: BGBP Token,brianleect/etherscan-labels/binance.csv
0x47ac0fb4f2d84898e4d9e7b4dab3c24507a6d503,Binance: Binance-Peg Tokens,brianleect/etherscan-labels/binance.csv
0xb8c77482e45f1f44de1745f52c74426c631bdd52,Binance: BNB Token,brianleect/etherscan-labels/binance.csv
0x0b95993a39a363d99280ac950f5e4536ab5c5566,Binance: Contract,brianleect/etherscan-labels/binance.csv
0x1074253202528777561f83817d413e91bfa671d4,Binance: Deployer 3,brianleect/etherscan-labels/binance.csv
0x170c7c38419767816cc7ec519da67d1a4dc43826,Binance: Deposit 1,brianleect/etherscan-labels/binance.csv
0x9430801ebaf509ad49202aabc5f5bc6fd8a3daf8,Binance: Deposit Funder,brianleect/etherscan-labels/binance.csv
0x8f80c66c70cbc52009babb04c1cadf9b40109289,Binance: Deposit Funder 2,brianleect/etherscan-labels/binance.csv
0x15ece0d7de25436bcfcf3d62a9085ddc7838aee9,Binance: Deposit Funder 3,brianleect/etherscan-labels/binance.csv
0x2f47a1c2db4a3b78cda44eade915c3b19107ddcc,Binance: Eth2 Depositor,brianleect/etherscan-labels/binance.csv
0xbdd75a97c29294ff805fb2fee65abd99492b32a8,Binance: Eth2 Depositor 2,brianleect/etherscan-labels/binance.csv
0x043a80999cee3711d372fb878768909fbe7f71e6,Binance: Industry Recovery Initiative,brianleect/etherscan-labels/binance.csv
0xb3f923eabaf178fc1bd8e13902fc5c61d3ddef5b,Wintermute: Binance Deposit,brianleect/etherscan-labels/binance.csv
0xee62cbab44113b3d72cdc94980953c0b1a4f4d47,Binance: AE Token Swap,brianleect/etherscan-labels/binance.csv
0xe93381fb4c4f14bda253907b18fad305d799241a,Huobi 10,brianleect/etherscan-labels/huobi.csv
0xfa4b5be3f2f84f56703c42eb22142744e95a2c58,Huobi 11,brianleect/etherscan-labels/huobi.csv
0x46705dfff24256421a05d056c29e81bdc09723b8,Huobi 12,brianleect/etherscan-labels/huobi.csv
0x32598293906b5b17c27d657db3ad2c9b3f3e4265,Huobi 13,brianleect/etherscan-labels/huobi.csv
0x5861b8446a2f6e19a067874c133f04c578928727,Huobi 14,brianleect/etherscan-labels/huobi.csv
0x926fc576b7facf6ae2d08ee2d4734c134a743988,Huobi 15,brianleect/etherscan-labels/huobi.csv
0xeec606a66edb6f497662ea31b5eb1610da87ab5f,Huobi 16,brianleect/etherscan-labels/huobi.csv
0x7ef35bb398e0416b81b019fea395219b65c52164,Huobi 17,brianleect/etherscan-labels/huobi.csv
0x229b5c097f9b35009ca1321ad2034d4b3d5070f6,Huobi 18,brianleect/etherscan-labels/huobi.csv
0xd8a83b72377476d0a66683cde20a8aad0b628713,Huobi 19,brianleect/etherscan-labels/huobi.csv
0x90e9ddd9d8d5ae4e3763d0cf856c97594dea7325,Huobi 20,brianleect/etherscan-labels/huobi.csv
0x30741289523c2e4d2a62c7d6722686d14e723851,Huobi 21,brianleect/etherscan-labels/huobi.csv
0x6f48a3e70f0251d1e83a989e62aaa2281a6d5380,Huobi 22,brianleect/etherscan-labels/huobi.csv
0xf056f435ba0cc4fcd2f1b17e3766549ffc404b94,Huobi 23,brianleect/etherscan-labels/huobi.csv
0x137ad9c4777e1d36e4b605e745e8f37b2b62e9c5,Huobi 24,brianleect/etherscan-labels/huobi.csv
0x5401dbf7da53e1c9dbf484e3d69505815f2f5e6e,Huobi 25,brianleect/etherscan-labels/huobi.csv
0x034f854b44d28e26386c1bc37ff9b20c6380b00d,Huobi 26,brianleect/etherscan-labels/huobi.csv
0x0577a79cfc63bbc0df38833ff4c4a3bf2095b404,Huobi 27,brianleect/etherscan-labels/huobi.csv
0x0c6c34cdd915845376fb5407e0895196c9dd4eec,Huobi 28,brianleect/etherscan-labels/huobi.csv
0x794d28ac31bcb136294761a556b68d2634094153,Huobi 29,brianleect/etherscan-labels/huobi.csv
0x34189c75cbb13bdb4f5953cda6c3045cfca84a9e,Huobi 30,brianleect/etherscan-labels/huobi.csv
0xb4cd0386d2db86f30c1a11c2b8c4f4185c1dade9,Huobi 31,brianleect/etherscan-labels/huobi.csv
0x4d77a1144dc74f26838b69391a6d3b1e403d0990,Huobi 32,brianleect/etherscan-labels/huobi.csv
0x28ffe35688ffffd0659aee2e34778b0ae4e193ad,Huobi 33,brianleect/etherscan-labels/huobi.csv
0xcac725bef4f114f728cbcfd744a731c2a463c3fc,Huobi 34,brianleect/etherscan-labels/huobi.csv
0x73f8fc2e74302eb2efda125a326655acf0dc2d1b,Huobi 35,brianleect/etherscan-labels/huobi.csv
0x0a98fb70939162725ae66e626fe4b52cff62c2e5,Huobi 36,brianleect/etherscan-labels/huobi.csv
0xf66852bc122fd40bfecc63cd48217e88bda12109,Huobi 37,brianleect/etherscan-labels/huobi.csv
0x49517ca7b7a50f592886d4c74175f4c07d460a70,Huobi 38,brianleect/etherscan-labels/huobi.csv
0x58c2cb4a6bee98c309215d0d2a38d7f8aa71211c,Huobi 39,brianleect/etherscan-labels/huobi.csv
0xeee28d484628d41a82d01e21d12e2e78d69920da,Huobi 4,brianleect/etherscan-labels/huobi.csv
0x39d9f4640b98189540a9c0edcfa95c5e657706aa,Huobi 40,brianleect/etherscan-labels/huobi.csv
0x5c985e89dde482efe97ea9f1950ad149eb73829b,Huobi 5,brianleect/etherscan-labels/huobi.csv
0xdc76cd25977e0a5ae17155770273ad58648900d3,Huobi 6,brianleect/etherscan-labels/huobi.csv
0xadb2b42f6bd96f5c65920b9ac88619dce4166f94,Huobi 7,brianleect/etherscan-labels/huobi.csv
0xa8660c8ffd6d578f657b72c0c811284aef0b735e,Huobi 8,brianleect/etherscan-labels/huobi.csv
0x1062a747393198f70f71ec65a582423dba7e5ab3,Huobi 9,brianleect/etherscan-labels/huobi.csv
0x9d6d492bd500da5b33cf95a5d610a73360fcaaa0,Huobi Mining Pool,brianleect/etherscan-labels/huobi.csv
0xa66daa57432024023db65477ba87d4e7f5f95213,Huobi Pool Token,brianleect/etherscan-labels/huobi.csv
0x6f259637dcd74c767781e37bc6133cd6a68aa161,Huobi Token,brianleect/etherscan-labels/huobi.csv
0x63155828e949aeba75038a5e8a5f4edd5038d9a6,Huobi: Deployer,brianleect/etherscan-labels/huobi.csv
0xe0d513cf39b52a09aefcef25e91dda3a2636329a,Huobi: Deposit,brianleect/etherscan-labels/huobi.csv
0xfd54078badd5653571726c3370afb127351a6f26,Huobi: Deposit Funder,brianleect/etherscan-labels/huobi.csv
0x18916e1a2933cb349145a280473a5de8eb6630cb,Huobi: Deposit Funder 2,brianleect/etherscan-labels/huobi.csv
0xdb0e89a9b003a28a4055ef772e345e8089987bfd,Huobi: Deposit Funder 3,brianleect/etherscan-labels/huobi.csv
0xf0458aaaf6d49192d3b4711960635d5fa2114e71,Huobi: Deposit Funder 4,brianleect/etherscan-labels/huobi.csv
0x07ef60deca209ea0f3f3f08c1ad21a6db5ef9d33,Huobi: Deposit Funder 5,brianleect/etherscan-labels/huobi.csv
0x0316eb71485b0ab14103307bf65a021042c6d380,Huobi: HBTC Token,brianleect/etherscan-labels/huobi.csv
0x1d1e10e8c66b67692f4c002c0cb334de5d485e41,Huobi: Old Address 1,brianleect/etherscan-labels/huobi.csv
0xea0cfef143182d7b9208fbfeda9d172c2aced972,Huobi: Old Address 10,brianleect/etherscan-labels/huobi.csv
0x0c92efa186074ba716d0e2156a6ffabd579f8035,Huobi: Old Address 11,brianleect/etherscan-labels/huobi.csv
0x91dfa9d9e062a50d2f351bfba0d35a9604993dac,Huobi: Old Address 12,brianleect/etherscan-labels/huobi.csv
0x8e8bc99b79488c276d6f3ca11901e9abd77efea4,Huobi: Old Address 13,brianleect/etherscan-labels/huobi.csv
0xb9a4873d8d2c22e56b8574e8605644d08e047549,Huobi: Old Address 14,brianleect/etherscan-labels/huobi.csv
0x170af0a02339743687afd3dc8d48cffd1f660728,Huobi: Old Address 15,brianleect/etherscan-labels/huobi.csv
0xf775a9a0ad44807bc15936df0ee68902af1a0eee,Huobi: Old Address 16,brianleect/etherscan-labels/huobi.csv
0x75a83599de596cbc91a1821ffa618c40e22ac8ca,Huobi: Old Address 17,brianleect/etherscan-labels/huobi.csv
0x48ab9f29795dfb44b36587c50da4b30c0e84d3ed,Huobi: Old Address 18,brianleect/etherscan-labels/huobi.csv
0x90f49e24a9554126f591d28174e157ca267194ba,Huobi: Old Address 19,brianleect/etherscan-labels/huobi.csv
0x1b93129f05cc2e840135aab154223c75097b69bf,Huobi: Old Address 2,brianleect/etherscan-labels/huobi.csv
0xe3314bbf3334228b257779e28228cfb86fa4261b,Huobi: Old Address 20,brianleect/etherscan-labels/huobi.csv
0x6edb9d6547befc3397801c94bb8c97d2e8087e2f,Huobi: Old Address 21,brianleect/etherscan-labels/huobi.csv
0x8aabba0077f1565df73e9d15dd3784a2b0033dad,Huobi: Old Address 22,brianleect/etherscan-labels/huobi.csv
0xd3a2f775e973c1671f2047e620448b8662dcd3ca,Huobi: Old Address 23,brianleect/etherscan-labels/huobi.csv
0x1c515eaa87568c850043a89c2d2c2e8187adb056,Huobi: Old Address 24,brianleect/etherscan-labels/huobi.csv
0x60b45f993223dcb8bdf05e3391f7630e5a51d787,Huobi: Old Address 25,brianleect/etherscan-labels/huobi.csv
0xa23d7dd4b8a1060344caf18a29b42350852af481,Huobi: Old Address 26,brianleect/etherscan-labels/huobi.csv
0x9eebb2815dba2166d8287afa9a2c89336ba9deaa,Huobi: Old Address 27,brianleect/etherscan-labels/huobi.csv
0xd10e08325c0e95d59c607a693483680fe5b755b3,Huobi: Old Address 28,brianleect/etherscan-labels/huobi.csv
0xc837f51a0efa33f8eca03570e3d01a4b2cf97ffd,Huobi: Old Address 29,brianleect/etherscan-labels/huobi.csv
0xeb6d43fe241fb2320b5a3c9be9cdfd4dd8226451,Huobi: Old Address 3,brianleect/etherscan-labels/huobi.csv
0xf7a8af16acb302351d7ea26ffc380575b741724c,Huobi: Old Address 30,brianleect/etherscan-labels/huobi.csv
0x636b76ae213358b9867591299e5c62b8d014e372,Huobi: Old Address 31,brianleect/etherscan-labels/huobi.csv
0x9a755332d874c893111207b0b220ce2615cd036f,Huobi: Old Address 32,brianleect/etherscan-labels/huobi.csv
0xecd8b3877d8e7cd0739de18a5b545bc0b3538566,Huobi: Old Address 33,brianleect/etherscan-labels/huobi.csv
0xef54f559b5e3b55b783c7bc59850f83514b6149c,Huobi: Old Address 34,brianleect/etherscan-labels/huobi.csv
0x956e0dbecc0e873d34a5e39b25f364b2ca036730,Huobi: Old Address 4,brianleect/etherscan-labels/huobi.csv
0x6f50c6bff08ec925232937b204b0ae23c488402a,Huobi: Old Address 5,brianleect/etherscan-labels/huobi.csv
0xdf95de30cdff4381b69f9e4fa8dddce31a0128df,Huobi: Old Address 6,brianleect/etherscan-labels/huobi.csv
0x25c6459e5c5b01694f6453e8961420ccd1edf3b1,Huobi: Old Address 7,brianleect/etherscan-labels/huobi.csv
0x04645af26b54bd85dc02ac65054e87362a72cb22,Huobi: Old Address 8,brianleect/etherscan-labels/huobi.csv
0xb2a48f542dc56b89b24c04076cbe565b3dc58e7b,Huobi: Old Address 9,brianleect/etherscan-labels/huobi.csv
0xc5451b523d5fffe1351337a221688a62806ad91a,OKX 10,brianleect/etherscan-labels/okx.csv
0x42436286a9c8d63aafc2eebbca193064d68068f2,OKX 11,brianleect/etherscan-labels/okx.csv
0x69a722f0b5da3af02b4a205d6f0c285f4ed8f396,OKX 12,brianleect/etherscan-labels/okx.csv
0xc708a1c712ba26dc618f972ad7a187f76c8596fd,OKX 13,brianleect/etherscan-labels/okx.csv
0x6fb624b48d9299674022a23d92515e76ba880113,OKX 14,brianleect/etherscan-labels/okx.csv
0xf59869753f41db720127ceb8dbb8afaf89030de4,OKX 15,brianleect/etherscan-labels/okx.csv
0x65a0947ba5175359bb457d3b34491edf4cbf7997,OKX 16,brianleect/etherscan-labels/okx.csv
0x4d19c0a5357bc48be0017095d3c871d9afc3f21d,OKX 17,brianleect/etherscan-labels/okx.csv
0x5c52cc7c96bde8594e5b77d5b76d042cb5fae5f2,OKX 18,brianleect/etherscan-labels/okx.csv
0xe9172daf64b05b26eb18f07ac8d6d723acb48f99,OKX 19,brianleect/etherscan-labels/okx.csv
0x7eb6c83ab7d8d9b8618c0ed973cbef71d1921ef2,OKX 20,brianleect/etherscan-labels/okx.csv
0xa7efae728d2936e78bda97dc267687568dd593f3,OKX 3,brianleect/etherscan-labels/okx.csv
0x2c8fbb630289363ac80705a1a61273f76fd5a161,OKX 4,brianleect/etherscan-labels/okx.csv
0x59fae149a8f8ec74d5bc038f8b76d25b136b9573,OKX 5,brianleect/etherscan-labels/okx.csv
0x98ec059dc3adfbdd63429454aeb0c990fba4a128,OKX 6,brianleect/etherscan-labels/okx.csv
0x5041ed759dd4afc3a72b8192c143f72f4724081a,OKX 7,brianleect/etherscan-labels/okx.csv
0xcba38020cd7b6f51df6afaf507685add148f6ab6,OKX 8,brianleect/etherscan-labels/okx.csv
0x461249076b88189f8ac9418de28b365859e46bfd,OKX 9,brianleect/etherscan-labels/okx.csv
0x3b3ae790df4f312e745d270119c6052904fb6790,OKX DEX: Aggregation Router,brianleect/etherscan-labels/okx.csv
0xc5a93444cc4da6efb9e6fc6e5d3cb55a53b52396,OKX: Deposit Funder,brianleect/etherscan-labels/okx.csv
0x89fd00b8d2dcee0f40d8699970115bb861241a54,OKX: Deposit Funder 3,brianleect/etherscan-labels/okx.csv
0xaad8ad7dfa05bc354e011890dd61636842c2cb96,OKX: Deposit Funder 4,brianleect/etherscan-labels/okx.csv
0x24c654f6b143dc5cae3c02fbb527ca63aa555dbc,OKX: Deposit Supplier,brianleect/etherscan-labels/okx.csv
0x75231f58b43240c9718dd58b4967c5114342a86c,OKX: OKB Token,brianleect/etherscan-labels/okx.csv
0x2910543af39aba0cd09dbb2d50200b3e800a63d2,Kraken,brianleect/etherscan-labels/kraken.csv
0xae2d4617c862309a3d75a0ffb358c7a5009c673f,Kraken 10,brianleect/etherscan-labels/kraken.csv
0x43984d578803891dfa9706bdeee6078d80cfc79e,Kraken 11,brianleect/etherscan-labels/kraken.csv
0x66c57bf505a85a74609d2c83e94aabb26d691e1f,Kraken 12,brianleect/etherscan-labels/kraken.csv
0xda9dfa130df4de4673b89022ee50ff26f6ea73cf,Kraken 13,brianleect/etherscan-labels/kraken.csv
0xa83b11093c858c86321fbc4c20fe82cdbd58e09e,Kraken 14,brianleect/etherscan-labels/kraken.csv
0x0a869d79a7052c7f1b55a8ebabbea3420f0d1e13,Kraken 2,brianleect/etherscan-labels/kraken.csv
0x267be1c1d684f78cb4f6a176c4911b741e4ffdc0,Kraken 4,brianleect/etherscan-labels/kraken.csv
0xfa52274dd61e1643d2205169732f29114bc240b3,Kraken 5,brianleect/etherscan-labels/kraken.csv
0x53d284357ec70ce289d6d64134dfac8e511c8a3d,Kraken 6,brianleect/etherscan-labels/kraken.csv
0x89e51fa8ca5d66cd220baed62ed01e8951aa7c40,Kraken 7,brianleect/etherscan-labels/kraken.csv
0xc6bed363b30df7f35b601a5547fe56cd31ec63da,Kraken 8,brianleect/etherscan-labels/kraken.csv
0x29728d0efd284d85187362faa2d4d76c2cfc2612,Kraken 9,brianleect/etherscan-labels/kraken.csv
0x2e7542ec36df6429d8c397f88c4cf0c925948f44,Kraken: Deployer 1,brianleect/etherscan-labels/kraken.csv
0xa24787320ede4cc19d800bf87b41ab9539c4da9d,Kraken: Deployer 2,brianleect/etherscan-labels/kraken.csv
0xe9f7ecae3a53d2a67105292894676b00d1fab785,Kraken: Hot Wallet,brianleect/etherscan-labels/kraken.csv
0xe1498a9ef5c6aa51790a642f70c31238326b1724,Kraken: MANA Token Wallet,brianleect/etherscan-labels/kraken.csv
0xdd4c48c0b24039969fc16d1cdf626eab821d3384,Gitcoin Grants: Tornado.cash,brianleect/etherscan-labels/tornado-cash.csv
0x12d66f87a04a9e220743712ce6d9bb1b5616b8fc,Tornado.Cash: 0.1 ETH,brianleect/etherscan-labels/tornado-cash.csv
0x178169b423a011fff22b9e3f3abea13414ddd0f1,Tornado.Cash: 0.1 WBTC,brianleect/etherscan-labels/tornado-cash.csv
0x47ce0c6ed5b0ce3d3a51fdb1c52dc66a7c3c2936,Tornado.Cash: 1 ETH,brianleect/etherscan-labels/tornado-cash.csv
0x610b717796ad172b316836ac95a2ffad065ceab4,Tornado.Cash: 1 WBTC,brianleect/etherscan-labels/tornado-cash.csv
0x4736dcf1b7a3d580672cce6e7c65cd5cc9cfba9d,"Tornado.Cash: 1,00 USDC",brianleect/etherscan-labels/tornado-cash.csv
0xd96f2b1c14db8458374d9aca76e26c3d18364307,"Tornado.Cash: 1,000 USDC",brianleect/etherscan-labels/tornado-cash.csv
0x0836222f2b2b24a3f36f98668ed8f0b38d1a872f,"Tornado.Cash: 1,000 USDT",brianleect/etherscan-labels/tornado-cash.csv
0xbb93e510bbcd0b7beb5a853875f9ec60275cf498,Tornado.Cash: 10 WBTC,brianleect/etherscan-labels/tornado-cash.csv
0xf60dd140cff0706bae9cd734ac3ae76ad9ebc32a,"Tornado.Cash: 10,000 DAI",brianleect/etherscan-labels/tornado-cash.csv
0x07687e702b410fa43f4cb4af7fa097918ffd2730,"Tornado.Cash: 10,000 DAI 2",brianleect/etherscan-labels/tornado-cash.csv
0xd691f27f38b395864ea86cfc7253969b409c362d,"Tornado.Cash: 10,000 USDC",brianleect/etherscan-labels/tornado-cash.csv
0xf67721a2d8f736e75a49fdd7fad2e31d8676542a,"Tornado.Cash: 10,000 USDT",brianleect/etherscan-labels/tornado-cash.csv
0x169ad27a470d064dede56a2d3ff727986b15d52b,Tornado.Cash: 100 USDT,brianleect/etherscan-labels/tornado-cash.csv
0x23773e65ed146a459791799d01336db287f25334,"Tornado.Cash: 100,000 DAI",brianleect/etherscan-labels/tornado-cash.csv
0x9ad122c22b14202b4490edaf288fdb3c7cb3ff5e,"Tornado.Cash: 100,000 USDT",brianleect/etherscan-labels/tornado-cash.csv
0x22aaa7720ddd5388a3c0a3333430953c68f1849b,"Tornado.Cash: 5,000 cDAI",brianleect/etherscan-labels/tornado-cash.csv
0xaeaac358560e11f52454d997aaff2c5731b6f8a6,"Tornado.Cash: 5,000 cUSDC",brianleect/etherscan-labels/tornado-cash.csv
0xd21be7248e0197ee08e0c20d4a96debdac3d20af,"Tornado.Cash: 5,000,000 cDAI",brianleect/etherscan-labels/tornado-cash.csv
0xba214c1c1928a32bffe790263e38b4af9bfcd659,"Tornado.Cash: 50,000 cDAI",brianleect/etherscan-labels/tornado-cash.csv
0x1356c899d8c9467c7f71c195612f8a395abf2f0a,"Tornado.Cash: 50,000 cUSDC",brianleect/etherscan-labels/tornado-cash.csv
0xb1c8094b234dce6e03f10a5b673c1d8c69739a00,"Tornado.Cash: 500,000 cDAI",brianleect/etherscan-labels/tornado-cash.csv
0x2717c5e28cf931547b621a5dddb772ab6a35b701,"Tornado.Cash: 500,000 cDAI 2",brianleect/etherscan-labels/tornado-cash.csv
0xa60c772958a3ed56c1f15dd055ba37ac8e523a0d,"Tornado.Cash: 500,000 cUSDC",brianleect/etherscan-labels/tornado-cash.csv
0xb04e030140b30c27bcdfaafffa98c57d80eda7b4,Tornado.Cash: Community Fund,brianleect/etherscan-labels/tornado-cash.csv
0x8589427373d6d84e98730d7795d8f6f8731fda16,Tornado.Cash: Donate,brianleect/etherscan-labels/tornado-cash.csv
0x756c4628e57f7e7f8a459ec2752968360cf4d1aa,Tornado.Cash: Echoer,brianleect/etherscan-labels/tornado-cash.csv
0x5f6c97c6ad7bdd0ae7e0dd4ca33a4ed3fdabd4d7,Tornado.Cash: Fee Manager,brianleect/etherscan-labels/tornado-cash.csv
0xfa4c1f3f7d5dd7c12a9adb82cd7dda542e3d59ef,Tornado.Cash: Gas Compensation Vault,brianleect/etherscan-labels/tornado-cash.csv
0x5efda50f22d34f262c29268506c5fa42cb56a1ce,Tornado.Cash: Governance,brianleect/etherscan-labels/tornado-cash.csv
0xffbac21a641dcfe4552920138d90f3638b3c9fba,Tornado.Cash: Governance Impl,brianleect/etherscan-labels/tornado-cash.csv
0x2fc93484614a34f26f7970cbb94615ba109bb4bf,Tornado.Cash: Governance Staking,brianleect/etherscan-labels/tornado-cash.csv
0x2f50508a8a3d323b91336fa3ea6ae50e55f32185,Tornado.Cash: Governance Vault,brianleect/etherscan-labels/tornado-cash.csv
0x179f48c78f57a3a78f0608cc9197b8972921d1d2,Tornado.Cash: Governance Vesting,brianleect/etherscan-labels/tornado-cash.csv
0xb20c66c4de72433f3ce747b58b86830c459ca911,Tornado.Cash: Instance Registry,brianleect/etherscan-labels/tornado-cash.csv
0xca0840578f57fe71599d29375e16783424023357,Tornado.Cash: L1 Helper,brianleect/etherscan-labels/tornado-cash.csv
0x3f615ba21bc6cc5d4a6d798c5950cc5c42937fbd,Tornado.Cash: L1 Unwrapper,brianleect/etherscan-labels/tornado-cash.csv
0x746aebc06d2ae31b71ac51429a19d54e797878e9,Tornado.Cash: Mining v2,brianleect/etherscan-labels/tornado-cash.csv
0x94a1b5cdb22c43faab4abeb5c74999895464ddaf,Tornado.Cash: Mixer 1,brianleect/etherscan-labels/tornado-cash.csv
0xb541fc07bc7619fd4062a54d96268525cbc6ffef,Tornado.Cash: Mixer 2,brianleect/etherscan-labels/tornado-cash.csv
0x94c92f096437ab9958fc0a37f09348f30389ae79,Tornado.Cash: Poseidon 2,brianleect/etherscan-labels/tornado-cash.csv
0xd82ed8786d7c69dc7e052f7a542ab047971e73d2,Tornado.Cash: Poseidon 3,brianleect/etherscan-labels/tornado-cash.csv
0x722122df12d4e14e13ac3b6895a86e84145b6967,Tornado.Cash: Proxy,brianleect/etherscan-labels/tornado-cash.csv
0x58e8dcc13be9780fc42e8723d8ead4cf46943df2,Tornado.Cash: Relayer Registry,brianleect/etherscan-labels/tornado-cash.csv
0x5cab7692d4e94096462119ab7bf57319726eed2a,Tornado.Cash: Reward Swap,brianleect/etherscan-labels/tornado-cash.csv
0x88fd245fedec4a936e700f9173454d1931b4c307,Tornado.Cash: Reward Verifier,brianleect/etherscan-labels/tornado-cash.csv
0xd90e2f925da726b50c4ed8d0fb90ad053324f31b,Tornado.Cash: Router,brianleect/etherscan-labels/tornado-cash.csv
0x5f48c2a71b2cc96e3f0ccae4e39318ff0dc375b2,Tornado.Cash: Team 1 Vesting,brianleect/etherscan-labels/tornado-cash.csv
0x00d5ec4cdf59374b2a47e842b799027356eac02b,Tornado.Cash: Team 2 Vesting,brianleect/etherscan-labels/tornado-cash.csv
0x77c08248c93ab53ff734ac555c932f8b9089d4c9,Tornado.Cash: Team 3 Vesting,brianleect/etherscan-labels/tornado-cash.csv
0xc3877028655ebe90b9447dd33de391c955ead267,Tornado.Cash: Team 4 Vesting,brianleect/etherscan-labels/tornado-cash.csv
0xb43432ec23e228fb7cb0fa52968949458b509f4f,Tornado.Cash: Team 5 Vesting,brianleect/etherscan-labels/tornado-cash.csv
0x77777feddddffc19ff86db637967013e6c6a116c,Tornado.Cash: TORN Token,brianleect/etherscan-labels/tornado-cash.csv
0x653477c392c16b0765603074f157314cc4f40c32,Tornado.Cash: Tree Update Verifier,brianleect/etherscan-labels/tornado-cash.csv
0x3efa30704d2b8bbac821307230376556cf8cc39e,Tornado.Cash: vTORN Token,brianleect/etherscan-labels/tornado-cash.csv
0x09193888b3f38c82dedfda55259a82c0e7de875e,Tornado.Cash: Withdraw Verifier,brianleect/etherscan-labels/tornado-cash.csv
0x905b63fff465b9ffbf41dea908ceb12478ec7601,Tornado.Cash: Old Proxy,brianleect/etherscan-labels/tornado-cash.csv
0x43a3be4ae954d9869836702afd10393d3a7ea417,Tornado.Cash: Old Trees,brianleect/etherscan-labels/tornado-cash.csv
0x527653ea119f3e6a1f5bd18fbf4714081d7b31ce,Tornado.Cash: Trees,brianleect/etherscan-labels/tornado-cash.csv
0x1151314c646ce4e0efd76d1af4760ae66a9fe30f,Bitfinex 1,brianleect/etherscan-labels/bitfinex.csv
0x36a85757645e8e8aec062a1dee289c7d615901ca,Bitfinex 10,brianleect/etherscan-labels/bitfinex.csv
0xc56fefd1028b0534bfadcdb580d3519b5586246e,Bitfinex 11,brianleect/etherscan-labels/bitfinex.csv
0x0b73f67a49273fc4b9a65dbd25d7d0918e734e63,Bitfinex 12,brianleect/etherscan-labels/bitfinex.csv
0x482f02e8bc15b5eabc52c6497b425b3ca3c821e8,Bitfinex 13,brianleect/etherscan-labels/bitfinex.csv
0xe92d1a43df510f82c66382592a047d288f85226f,Bitfinex 19,brianleect/etherscan-labels/bitfinex.csv
0x8103683202aa8da10536036edef04cdd865c225e,Bitfinex 20,brianleect/etherscan-labels/bitfinex.csv
0x876eabf441b2ee5b5b0554fd502a8e0600950cfa,Bitfinex 3,brianleect/etherscan-labels/bitfinex.csv
0xdcd0272462140d0a3ced6c4bf970c7641f08cd2c,Bitfinex 4,brianleect/etherscan-labels/bitfinex.csv
0x4fdd5eb2fb260149a3903859043e962ab89d8ed4,Bitfinex 5,brianleect/etherscan-labels/bitfinex.csv
0x1b29dd8ff0eb3240238bf97cafd6edea05d5ba82,Bitfinex 6,brianleect/etherscan-labels/bitfinex.csv
0x30a2ebf10f34c6c4874b0bdd5740690fd2f3b70c,Bitfinex 7,brianleect/etherscan-labels/bitfinex.csv
0x3f7e77b627676763997344a1ad71acb765fc8ac5,Bitfinex 8,brianleect/etherscan-labels/bitfinex.csv
0x59448fe20378357f206880c58068f095ae63d5a5,Bitfinex 9,brianleect/etherscan-labels/bitfinex.csv
0x7727e5113d1d161373623e5f49fd568b4f543a9e,Bitfinex: Contract 1,brianleect/etherscan-labels/bitfinex.csv
0x0e55c54249f25f70d519b7fb1c20e3331e7ba76d,Bitfinex: Contract 2,brianleect/etherscan-labels/bitfinex.csv
0x5dbdebcae07cc958ba5290ff9deaae554e29e7b4,Bitfinex: Deployer 1,brianleect/etherscan-labels/bitfinex.csv
0x2ee3b2df6534abc759ffe994f7b8dcdfaa02cd31,Bitfinex: Deployer 2,brianleect/etherscan-labels/bitfinex.csv
0xe1f3c653248de6894d683cb2f10de7ca2253046f,Bitfinex: Deployer 3,brianleect/etherscan-labels/bitfinex.csv
0x2903cadbe271e057edef157340b52a5898d7424f,Bitfinex: Deployer 4,brianleect/etherscan-labels/bitfinex.csv
0x36928500bc1dcd7af6a2b4008875cc336b927d57,Bitfinex: Deployer 5,brianleect/etherscan-labels/bitfinex.csv
0x14d06788090769f669427b6aea1c0240d2321f34,Bitfinex: Deployer 6,brianleect/etherscan-labels/bitfinex.csv
0x77134cbc06cb00b66f4c7e623d5fdbf6777635ec,Bitfinex: Hot Wallet,brianleect/etherscan-labels/bitfinex.csv
0x2af5d2ad76741191d15dfe7bf6ac92d4bd912ca3,Bitfinex: LEO Token,brianleect/etherscan-labels/bitfinex.csv
0xab7c74abc0c4d48d1bdad5dcb26153fc8780f83e,Bitfinex: MultiSig 1,brianleect/etherscan-labels/bitfinex.csv
0xc6cde7c39eb2f0f0095f41570af89efc2c1ea828,Bitfinex: MultiSig 2,brianleect/etherscan-labels/bitfinex.csv
0xc61b9bb3a7a0767e3179713f3a5c7a9aedce193c,Bitfinex: MultiSig 3,brianleect/etherscan-labels/bitfinex.csv
0xcafb10ee663f465f9d10588ac44ed20ed608c11e,Bitfinex: Old Address 1,brianleect/etherscan-labels/bitfinex.csv
0x7180eb39a6264938fdb3effd7341c4727c382153,Bitfinex: Old Address 2,brianleect/etherscan-labels/bitfinex.csv
0x69c6dcc8f83b196605fa1076897af0e7e2b6b044,Bitfinex: Old Contract 1,brianleect/etherscan-labels/bitfinex.csv
0x8d5a41e85f4ce2433beef476305d307b9205d98d,Bitfinex: Old Contract 2,brianleect/etherscan-labels/bitfinex.csv
0xc581b735a1688071a1746c968e0798d642ede491,Euro Tether: EURT Token,brianleect/etherscan-labels/bitfinex.csv
0xabdf147870235fcfc34153828c769a70b3fae01f,EURT:undefined,brianleect/etherscan-labels/bitfinex.csv
0x4922a015c4407f87432b179bb209e125432e4a2a,Tether Gold: Old XAUt Token,brianleect/etherscan-labels/bitfinex.csv
0x68749665ff8d2d112fa859aa293f07a622782f38,Tether Gold: XAUt Token,brianleect/etherscan-labels/bitfinex.csv
0x6e109e9dd7fa1a58bc3eff667e8e41fc3cc07aef,Tether: CNHT Token,brianleect/etherscan-labels/bitfinex.csv
0xed03ed872159e199065401b6d0d487d78d9464aa,Tether: MXNt Token,brianleect/etherscan-labels/bitfinex.csv
0x5754284f345afc66a98fbb0a0afe71e0f007b949,Tether: Treasury,brianleect/etherscan-labels/bitfinex.csv
0xdac17f958d2ee523a2206206994597c13d831ec7,Tether: USDT Stablecoin,brianleect/etherscan-labels/bitfinex.csv
0xa9d1e08c7793af67e9d92fe308d5697fb81d3e43,Coinbase 10,brianleect/etherscan-labels/coinbase.csv
0x77696bb39917c91a0c3908d577d5e322095425ca,Coinbase 11,brianleect/etherscan-labels/coinbase.csv
0x7c195d981abfdc3ddecd2ca0fed0958430488e34,Coinbase 12,brianleect/etherscan-labels/coinbase.csv
0x95a9bd206ae52c4ba8eecfc93d18eacdd41c88cc,Coinbase 13,brianleect/etherscan-labels/coinbase.csv
0xb739d0895772dbb71a89a3754a160269068f0d45,Coinbase 14,brianleect/etherscan-labels/coinbase.csv
0xb5d85cbf7cb3ee0d56b3bb207d5fc4b82f43f511,Coinbase 5,brianleect/etherscan-labels/coinbase.csv
0xeb2629a2734e272bcc07bda959863f316f4bd4cf,Coinbase 6,brianleect/etherscan-labels/coinbase.csv
0xd688aea8f7d450909ade10c47faa95707b0682d9,Coinbase 7,brianleect/etherscan-labels/coinbase.csv
0x02466e547bfdab679fc49e96bbfc62b9747d997c,Coinbase 8,brianleect/etherscan-labels/coinbase.csv
0x6b76f8b1e9e59913bfe758821887311ba1805cab,Coinbase 9,brianleect/etherscan-labels/coinbase.csv
0xbe3c68821d585cf1552214897a1c091014b1eb0a,Coinbase: Account Blacklister,brianleect/etherscan-labels/coinbase.csv
0xf6874c88757721a02f47592140905c4336dfbc61,Coinbase: Coinbase Commerce,brianleect/etherscan-labels/coinbase.csv
0x881d4032abe4188e2237efcd27ab435e81fc6bb1,Coinbase: Commerce,brianleect/etherscan-labels/coinbase.csv
0x6c8dd0e9cc58c07429e065178d88444b60e60b80,Coinbase: Commerce Fee,brianleect/etherscan-labels/coinbase.csv
0xbc8ec259e3026ae0d87bc442d034d6882ce4a35c,Coinbase: Commerce Fee 2,brianleect/etherscan-labels/coinbase.csv
0x02d24cab4f2c3bf6e6eb07ea07e45f96baccffe7,Coinbase: Commerce Fee 3,brianleect/etherscan-labels/coinbase.csv
0xce352e98934499be70f641353f16a47d9e1e3abd,Coinbase: Commerce Fee 4,brianleect/etherscan-labels/coinbase.csv
0x90e18a6920985dbacc3d76cf27a3f2131923c720,Coinbase: Commerce Fee 5,brianleect/etherscan-labels/coinbase.csv
0x4b23d52eff7c67f5992c2ab6d3f69b13a6a33561,Coinbase: Commerce Fee 6,brianleect/etherscan-labels/coinbase.csv
0xd2276af80582cac230edc4c42e9a9c096f3c09aa,Coinbase: Deposit 1,brianleect/etherscan-labels/coinbase.csv
0x2b5634c42055806a59e9107ed44d43c426e58258,KuCoin,brianleect/etherscan-labels/kucoin.csv
0xcad621da75a66c7a8f4ff86d30a2bf981bfc8fdd,KuCoin 10,brianleect/etherscan-labels/kucoin.csv
0xec30d02f10353f8efc9601371f56e808751f396f,KuCoin 11,brianleect/etherscan-labels/kucoin.csv
0x738cf6903e6c4e699d1c2dd9ab8b67fcdb3121ea,KuCoin 12,brianleect/etherscan-labels/kucoin.csv
0xd89350284c7732163765b23338f2ff27449e0bf5,KuCoin 13,brianleect/etherscan-labels/kucoin.csv
0x88bd4d3e2997371bceefe8d9386c6b5b4de60346,KuCoin 14,brianleect/etherscan-labels/kucoin.csv
0xb8e6d31e7b212b2b7250ee9c26c56cebbfbe6b23,KuCoin 15,brianleect/etherscan-labels/kucoin.csv
0x689c56aef474df92d44a1b70850f808488f9769c,KuCoin 2,brianleect/etherscan-labels/kucoin.csv
0xa1d8d972560c2f8144af871db508f0b0b10a3fbf,KuCoin 3,brianleect/etherscan-labels/kucoin.csv
0x4ad64983349c49defe8d7a4686202d24b25d0ce8,KuCoin 4,brianleect/etherscan-labels/kucoin.csv
0x1692e170361cefd1eb7240ec13d048fd9af6d667,KuCoin 5,brianleect/etherscan-labels/kucoin.csv
0xd6216fc19db775df9774a6e33526131da7d19a2c,KuCoin 6,brianleect/etherscan-labels/kucoin.csv
0xe59cd29be3be4461d79c0881d238cbe87d64595a,Kucoin 7,brianleect/etherscan-labels/kucoin.csv
0x899b5d52671830f567bf43a14684eb14e1f945fe,KuCoin 8,brianleect/etherscan-labels/kucoin.csv
0xf16e9b0d03470827a95cdfd0cb8a8a3b46969b91,KuCoin 9,brianleect/etherscan-labels/kucoin.csv
0x2602669a92fccf44e5319ff51b0f453aab9db021,KuCoin Contract,brianleect/etherscan-labels/kucoin.csv
0xf2b16510270a214130c6b17ff0e9bf87585126bd,KuCoin: Deployer,brianleect/etherscan-labels/kucoin.csv
0x061f7937b7b2bc7596539959804f86538b6368dc,KuCoin: Deposit Funder,brianleect/etherscan-labels/kucoin.csv
0xf34960d9d60be18cc1d5afc1a6f012a723a28811,KuCoin: KCS Token,brianleect/etherscan-labels/kucoin.csv
0x039b5649a59967e3e936d7471f9c3700100ee1ab,KuCoin: Old KCS Token,brianleect/etherscan-labels/kucoin.csv
0x2faf487a4414fe77e2327f0bf4ae2a264a776ad2,FTX Exchange,brianleect/etherscan-labels/ftx.csv
0xc098b2a3aa256d2140208c3de6543aaef5cd3a94,FTX Exchange 2,brianleect/etherscan-labels/ftx.csv
0x68eb95dc9934e19b86687a10df8e364423240e94,FTX: 3X Long Bitcoin Token,brianleect/etherscan-labels/ftx.csv
0x871baed4088b863fd6407159f3672d70cd34837d,FTX: 3X Long Ethereum Token,brianleect/etherscan-labels/ftx.csv
0x016ee7373248a80bde1fd6baa001311d233b3cfa,FTX: 3X Short Bitcoin Token,brianleect/etherscan-labels/ftx.csv
0x2f5e2c9002c058c063d21a06b6cabb50950130c8,FTX: 3X Short Ethereum Token,brianleect/etherscan-labels/ftx.csv
0x50d1c9771902476076ecfc8b2a83ad6b9355a4c9,FTX: FTT Token,brianleect/etherscan-labels/ftx.csv
0x97f991971a37d4ca58064e6a98fc563f03a71e5c,,brianleect/etherscan-labels/ftx.csv
0x25eaff5b179f209cf186b1cdcbfa463a69df4c45,Blockfolio,brianleect/etherscan-labels/ftx.csv
0x7abe0ce388281d2acf297cb089caef3819b13448,FTX US,brianleect/etherscan-labels/ftx.csv
0x600d08a0c2ae496b9614c8342cd2781e130b7862,FTX: 3 Month Unlock,brianleect/etherscan-labels/ftx.csv
0x772589e99bc9c54dd40acb7d73f88ccbc9d9cf47,FTX: Deployer,brianleect/etherscan-labels/ftx.csv
0x02412e9a81a98829716588f80458c8bf593cadc0,FTX: Deposit,brianleect/etherscan-labels/ftx.csv
0x7793cd85c11a924478d358d49b05b37e91b5810f,Gate.io 2,brianleect/etherscan-labels/gate-io.csv
0x1c4b70a3968436b9a0a9cf5205c787eb81bb558c,Gate.io 3,brianleect/etherscan-labels/gate-io.csv
0x234ee9e35f8e9749a002fc42970d570db716453b,Gate.io 4,brianleect/etherscan-labels/gate-io.csv
0xc882b111a75c0c657fc507c04fbfcd2cc984f071,Gate.io 5,brianleect/etherscan-labels/gate-io.csv
0xd793281182a0e3e023116004778f45c29fc14f19,Gate.io: Contract,brianleect/etherscan-labels/gate-io.csv
0x6596da8b65995d5feacff8c2936f0b7a2051b0d0,Gate.io: Deposit Funder,brianleect/etherscan-labels/gate-io.csv
0xa0b73e1ff0b80914ab6fe0444e65848c4c34450b,Cronos Coin: CRO Token,brianleect/etherscan-labels/crypto-com.csv
0x6262998ced04146fa42253a5c0af90ca02dfd2a3,Crypto.com,brianleect/etherscan-labels/crypto-com.csv
0x72a53cdbbcc1b9efa39c834a540550e23463aacb,Crypto.com 3,brianleect/etherscan-labels/crypto-com.csv
0x7758e507850da48cd47df1fb5f875c23e3340c50,Crypto.com 4,brianleect/etherscan-labels/crypto-com.csv
0xcffad3200574698b78f32232aa9d63eabd290703,Crypto.com 5,brianleect/etherscan-labels/crypto-com.csv
0xb63b606ac810a52cca15e44bb630fd42d8d1d83d,Crypto.com: MCO Token,brianleect/etherscan-labels/crypto-com.csv
0x013ff63e21e8556c1a04aff005ec0912aa955d6a,Crypto.com: CDCNFT 2,brianleect/etherscan-labels/crypto-com.csv
0x767be428d8bf8fa99bc0b84d96d6f135845a11ff,Crypto.com: CDCNFT Token,brianleect/etherscan-labels/crypto-com.csv
0xc42f0e95ff6c861164a86415eb6b3dabe7e13843,Crypto.com: Deployer,brianleect/etherscan-labels/crypto-com.csv
0x494adb1ecac39d9df00fcda84ed2c1dc775107e7,Crypto.com: Deployer 2,brianleect/etherscan-labels/crypto-com.csv
0x32047ac688997feb8fbf1d5d4aee39ec0202086d,Crypto.com: Deployer 3,brianleect/etherscan-labels/crypto-com.csv
0xae45a8240147e6179ec7c9f92c5a18f9a97b3fca,Crypto.com: Deposit Funder,brianleect/etherscan-labels/crypto-com.csv
0xdc4c0fda463435d19962e8dd465d5eba86fd02ec,Crypto.com: MCO Wallet,brianleect/etherscan-labels/crypto-com.csv
0x51ca21ed46a9df3cb6f34624cbd482d312996730,Crypto.com: MultiSig,brianleect/etherscan-labels/crypto-com.csv
0x71507ee19cbc0c87ff2b5e05d161efe2aac4ee07,Crypto.com: MultiSig 2,brianleect/etherscan-labels/crypto-com.csv
0x22e4f709fd5e7fe246fbf7e714ae89bdab7e2a5d,Crypto.com: MultiSig 3,brianleect/etherscan-labels/crypto-com.csv
0xdda508f9f3c1b4ca39c8794df3a080298ebe9c55,Crypto.com: MultiSig 4,brianleect/etherscan-labels/crypto-com.csv
0x35f517cab9a37bc31091c2f155d965af84e0bc85,Crypto.com: MultiSig 5,brianleect/etherscan-labels/crypto-com.csv
0x67703f7d089f3ac7c8c13a18b2381cbd7ee3eded,Crypto.com: MultiSig 6,brianleect/etherscan-labels/crypto-com.csv
0x20a0bee429d6907e556205ef9d48ab6fe6a55531,Crypto.com: MultiSig 7,brianleect/etherscan-labels/crypto-com.csv
0x6fc82a5fe25a5cdb58bc74600a40a69c065263f8,Gemini 2,brianleect/etherscan-labels/gemini.csv
0x61edcdf5bb737adffe5043706e7c5bb1f1a56eea,Gemini 3,brianleect/etherscan-labels/gemini.csv
0x5f65f7b609678448494de4c87521cdf6cef1e932,Gemini 4,brianleect/etherscan-labels/gemini.csv
0xb302bfe9c246c6e150af70b1caaa5e3df60dac05,Gemini 5,brianleect/etherscan-labels/gemini.csv
0x8d6f396d210d385033b348bcae9e4f9ea4e045bd,Gemini 6,brianleect/etherscan-labels/gemini.csv
0xd69b0089d9ca950640f5dc9931a41a5965f00303,Gemini 7,brianleect/etherscan-labels/gemini.csv
0x07ee55aa48bb72dcc6e9d78256648910de513eca,Gemini: Contract 1,brianleect/etherscan-labels/gemini.csv
0xdd51f01d9fc0fd084c1a4737bbfa5becb6ced9bc,Gemini: Deployer 1,brianleect/etherscan-labels/gemini.csv
0x4c2f150fc90fed3d8281114c2349f1906cde5346,Gemini: Deployer 2,brianleect/etherscan-labels/gemini.csv
0x4b7ee45f30767f36f06f79b32bf1fca6f726deda,Gemini: eFIL Token,brianleect/etherscan-labels/gemini.csv
0x056fd409e1d7a124bd7017459dfea2f387b6d5cd,Gemini: GUSD Token,brianleect/etherscan-labels/gemini.csv
0xdec042a90de005b22754e94a8a979c4b8c67fde5,Gemini: Old Contract 1,brianleect/etherscan-labels/gemini.csv
0x390de26d772d2e2005c6d1d24afc902bae37a4bb,Upbit,brianleect/etherscan-labels/upbit.csv
0xba826fec90cefdf6706858e5fbafcb27a290fbe0,Upbit 2,brianleect/etherscan-labels/upbit.csv
0x5e032243d507c743b061ef021e2ec7fcc6d3ab89,Upbit 3,brianleect/etherscan-labels/upbit.csv
0xc9cf0ec93d764f5c9571fd12f764bae7fc87c84e,Upbit: Cold Wallet,brianleect/etherscan-labels/upbit.csv
0x32be343b94f860124dc4fee278fdcbd38c102d88,Poloniex,brianleect/etherscan-labels/poloniex.csv
0x209c4784ab1e8183cf58ca33cb740efbf3fc18ef,Poloniex 2,brianleect/etherscan-labels/poloniex.csv
0xb794f5ea0ba39494ce839613fffba74279579268,Poloniex 3,brianleect/etherscan-labels/poloniex.csv
0xa910f92acdaf488fa6ef02174fb86208ad7722ba,Poloniex 4,brianleect/etherscan-labels/poloniex.csv
0xaa9fa73dfe17ecaa2c89b39f0bb2779613c5fc3b,Poloniex: BAT,brianleect/etherscan-labels/poloniex.csv
0x2fa2bc2ce6a4f92952921a4caa46b3727d24a1ec,Poloniex: BNT,brianleect/etherscan-labels/poloniex.csv
0x31a2feb9b5d3b5f4e76c71d6c92fc46ebb3cb1c1,Poloniex: CVC,brianleect/etherscan-labels/poloniex.csv
0x6b71834d65c5c4d8ed158d54b47e6ea4ff4e5437,Poloniex: FOAM,brianleect/etherscan-labels/poloniex.csv
0x48d466b7c0d32b61e8a82cd2bcf060f7c3f966df,Poloniex: GNO,brianleect/etherscan-labels/poloniex.csv
0x0536806df512d6cdde913cf95c9886f65b1d3462,Poloniex: GNT,brianleect/etherscan-labels/poloniex.csv
0x8d451ae5ee8f557a9ce7a9d7be8a8cb40002d5cb,Poloniex: KNC,brianleect/etherscan-labels/poloniex.csv
0xbd2ec7c608a06fe975dbdca729e84dedb34ecc21,Poloniex: LOOM,brianleect/etherscan-labels/poloniex.csv
0xc0e30823e5e628df8bc9bf2636a347e1512f0ecb,Poloniex: MANA,brianleect/etherscan-labels/poloniex.csv
0x65f9b2e4d7aaeb40ffea8c6f5844d5ad7da257e0,Poloniex: NXC,brianleect/etherscan-labels/poloniex.csv
0x36b01066b7fa4a0fdb2968ea0256c848e9135674,Poloniex: OMG,brianleect/etherscan-labels/poloniex.csv
0xab11204cfeaccffa63c2d23aef2ea9accdb0a0d5,Poloniex: REP,brianleect/etherscan-labels/poloniex.csv
0x6795cf8eb25585eadc356ae32ac6641016c550f2,Poloniex: SNT,brianleect/etherscan-labels/poloniex.csv
0xfbf2173154f7625713be22e0504404ebfe021eae,Poloniex: STORJ,brianleect/etherscan-labels/poloniex.csv
0x6f803466bcd17f44fa18975bf7c509ba64bf3825,Poloniex: USDC,brianleect/etherscan-labels/poloniex.csv
0xead6be34ce315940264519f250d8160f369fa5cd,Poloniex: ZRX,brianleect/etherscan-labels/poloniex.csv
0xfbb1b73c4f0bda4f67dca266ce6ef42f520fbb98,Bittrex,brianleect/etherscan-labels/bittrex.csv
0xe94b04a0fed112f3664e45adb2b8915693dd5ff3,Bittrex 2,brianleect/etherscan-labels/bittrex.csv
0x66f820a414680b5bcda5eeca5dea238543f42054,Bittrex 3,brianleect/etherscan-labels/bittrex.csv
0xa3c1e324ca1ce40db73ed6026c4a177f099b5770,Bittrex: Controller,brianleect/etherscan-labels/bittrex.csv
0x04046027549f739edfd5b2a78efdbaf0f0bf4514,BlockFi 1,brianleect/etherscan-labels/blockfi.csv
0xa26a8e242a7470476df1dc11ded5dbc9fca610fa,BlockFi 2,brianleect/etherscan-labels/blockfi.csv
0x2a549b4af9ec39b03142da6dc32221fc390b5533,BlockFi 3,brianleect/etherscan-labels/blockfi.csv
0x3fda25f27211a138adf211f4c060f2149674be6d,BlockFi 4,brianleect/etherscan-labels/blockfi.csv
0x808b4da0be6c9512e948521452227efc619bea52,BlockFi 5,brianleect/etherscan-labels/blockfi.csv
0x530e0a6993ea99ffc96615af43f327225a5fe536,BlockFi 6,brianleect/etherscan-labels/blockfi.csv
0x92dbd8e0a46edd62aa42d1f7902d0e496bddc15a,Azbit,brianleect/etherscan-labels/hot-wallet.csv
0x3d1d8a1d418220fd53c18744d44c182c46f47468,Bitkub: Hot Wallet 2,brianleect/etherscan-labels/hot-wallet.csv
0x59e0cda5922efba00a57794faf09bf6252d64126,Bitkub: Hot Wallet 3,brianleect/etherscan-labels/hot-wallet.csv
0x1579b5f6582c7a04f5ffeec683c13008c4b0a520,Bitkub: Hot Wallet 4,brianleect/etherscan-labels/hot-wallet.csv
0xe9b1a2164368c00fc93e0e749d9b3cafa1bc6ee2,Bitsler.com: ETH,brianleect/etherscan-labels/hot-wallet.csv
0x8758559975f35dd7d6f05fd59d3948eb43802d4a,Bitsler.com: USDT,brianleect/etherscan-labels/hot-wallet.csv
0xb9ee1e551f538a464e8f8c41e9904498505b49b0,Coinex,brianleect/etherscan-labels/hot-wallet.csv
0x33ddd548fe3a082d753e5fe721a26e1ab43e3598,Coinex 2,brianleect/etherscan-labels/hot-wallet.csv
0x8a6a17f1a3da0f407a67bf8e076ed7f678d85f29,Portto: Hot Wallet,brianleect/etherscan-labels/hot-wallet.csv
0x2522eb1976d9515cdd97c3003c1f2790fbf83b10,XWallet 1,brianleect/etherscan-labels/hot-wallet.csv
